unleash clicks-and-mortar e-bu,0,New Hannahtown,966832770.63
maximize vertical experiences,3,Gonzalezstad,438302996.5
disintermediate B2C web-readin,1,Woodport,803445533.3
integrate e-business info-medi,1,Robertview,649132838.2
expedite cross-platform networ,2,East Thomaston,545599639.53
incentivize open-source e-tail,5,Jenniferside,468479034.13
repurpose leading-edge portals,1,South Suzanne,428607911.95
implement cross-platform e-ser,1,New Kari,495056113.14
synergize front-end e-commerce,2,East Melanie,113523614.1
visualize collaborative web se,0,Julieland,174909969.9
architect robust solutions,1,Lake Sheila,168331244.51
transform frictionless mindsha,0,Lake Michael,296572095.22
transform frictionless models,2,Lake Adam,660559082.59
transform B2B partnerships,0,Gregoryburgh,466641599.34
harness best-of-breed supply-c,1,New Mariaport,241432597.99
mesh mission-critical supply-c,0,Robertsonfurt,638106090.44
benchmark sticky e-business,0,South Sandraborough,476915170.22
syndicate wireless ROI,0,Alexanderland,123230547.77
optimize sticky vortals,1,Dustinfort,230885954.81
grow end-to-end applications,0,Port Sheri,421329704.59
orchestrate wireless users,1,Debbieville,680253925.25
enable world-class mindshare,2,East Jason,21163915.79
streamline vertical applicatio,0,Lake Laurafurt,719181033.23
revolutionize 24/365 e-service,0,New Ryan,978688003.09
disintermediate distributed pl,2,Lisafort,826064404.52
unleash B2C e-commerce,0,Thomasview,147589405.42
enable 24/365 partnerships,0,Port Kurt,802217773.48
scale dot-com architectures,2,Deannaburgh,980146110.16
syndicate scalable solutions,0,New Pam,844378927.47
brand transparent convergence,0,Barbaraport,637566787.54
engineer distributed systems,1,Jacquelinefurt,933673405.52
deploy distributed interfaces,0,East Aprilview,505841979.31
leverage world-class eyeballs,2,Barnestown,763095477.63
empower cutting-edge convergen,1,New Robert,458648252.06
integrate virtual e-services,2,Penningtontown,191533342.5
incentivize open-source relati,2,Phillipsbury,134871861.84
facilitate interactive e-busin,2,Collinsmouth,827308209.25
iterate front-end mindshare,0,Danielland,274594365.07
scale rich paradigms,0,Garciamouth,784183827.77
e-enable synergistic e-tailers,3,Jenniferland,813320519.97
exploit customized e-services,3,Lake Samantha,558912944.41
orchestrate visionary paradigm,0,Lake David,871892394.14
visualize scalable synergies,0,Nicholaston,243128426.96
engineer vertical action-items,0,Port Samuel,283988934.77
incentivize ubiquitous communi,2,Sabrinastad,558501035.62
generate distributed metrics,0,Amandaport,371350548.16
innovate revolutionary models,0,New Justinport,144801613.13
re-intermediate seamless metho,0,South Tracitown,782362988.27
incentivize global info-mediar,1,Keithburgh,545367825.23
unleash dot-com eyeballs,1,Lake Michellestad,238440977.58
morph dot-com systems,0,Sydneytown,421485961.25
transform customized experienc,2,Johnsonton,987179256.8
iterate cross-platform technol,2,North Deborah,371431490.93
matrix web-enabled action-item,4,Anthonyborough,750702035.16
harness efficient solutions,0,Daltontown,423666961.65
transition open-source technol,1,Holmesmouth,873296674.66
scale bleeding-edge infrastruc,1,North Russell,190617365.65
unleash next-generation niches,0,Collinside,430465876.92
monetize cross-media platforms,2,East Stephaniemouth,29754010.55
orchestrate real-time eyeballs,1,Arthurtown,848490705.53
revolutionize vertical deliver,0,Coxton,785815656.72
productize virtual bandwidth,1,Kelleytown,23460442.59
harness cross-media partnershi,3,Mayofurt,462633067.61
engineer cutting-edge experien,3,West Brent,700783465.01
productize cutting-edge supply,3,Amandafurt,614308597.12
synergize best-of-breed e-busi,0,Seanburgh,867584741.88
grow virtual partnerships,2,East Allison,965822657.34
grow granular content,0,Joshuafort,805265736.18
deliver user-centric architect,0,East Timothyberg,823404605.46
brand leading-edge niches,0,North Toddfort,169938778.98
aggregate dot-com bandwidth,1,West David,180216577.09
utilize vertical functionaliti,1,East Sarah,603540342.98
whiteboard transparent relatio,2,South Lauren,999605564.17
scale scalable paradigms,0,West Nicole,789331854.33
evolve synergistic infrastruct,1,Port Jenniferville,298775463.12
brand revolutionary synergies,1,Taylortown,917738338.36
incubate virtual paradigms,0,New Juan,953311741.13
evolve out-of-the-box bandwidt,3,Lake Sandra,405466250.95
transition cross-platform metr,3,Lake Jared,843220609.73
re-intermediate proactive syne,3,Katieville,773440152.84
orchestrate distributed market,1,Patriciaberg,216205216.78
enable B2B e-markets,1,Lake Anthony,235069725.99
enable 24/7 communities,0,Port Jessica,430068089.09
innovate e-business supply-cha,1,North Angelaside,470007677.62
visualize ubiquitous eyeballs,3,South Mark,300260080.6
redefine vertical partnerships,1,Leeport,311192742.96
innovate open-source technolog,0,East Ericaside,64569059.02
engineer strategic functionali,1,Matthewview,324029900.76
optimize end-to-end content,1,New Ryanmouth,887676962.83
orchestrate frictionless exper,1,Zacharyland,809911145.44
whiteboard synergistic platfor,0,Jasonburgh,109730789.69
envisioneer customized bandwid,1,Teresamouth,967047005.35
leverage global niches,2,East Amber,804671468.91
monetize best-of-breed infrast,3,Lake Eric,297955764.04
exploit intuitive initiatives,0,Warrenchester,659004967.49
facilitate out-of-the-box netw,0,Robertburgh,249604441.39
strategize user-centric vortal,1,Mitchellstad,723274539.51
architect world-class infrastr,2,South Brandonmouth,605937365.93
streamline efficient applicati,0,West Andrestad,960830313.64
extend bricks-and-clicks porta,0,Hernandezborough,225728188.76
monetize user-centric infrastr,1,New Robert,852717539.7
revolutionize frictionless ban,2,Port Taylor,701852170.99
seize dot-com models,2,Sharonville,565934123.97
reinvent B2B paradigms,3,South Adamchester,646595876.94
exploit dot-com functionalitie,1,Port Marychester,933405664.99
evolve impactful users,0,East Alyssaburgh,262407013.57
target global communities,1,South Rebecca,197153145.56
morph B2B supply-chains,3,Snowside,790437972.04
cultivate strategic architectu,3,South Stefaniemouth,625713810.67
empower turn-key communities,0,North Laura,27220065.12
orchestrate cross-media market,1,Lesliefurt,289108708.07
exploit 24/365 e-commerce,1,Michelleborough,337079783.32
visualize global eyeballs,2,Lake Ginaton,49774676.26
deliver open-source mindshare,1,Jenniferborough,443929136.91
engage virtual channels,1,West Eddie,468507114.55
iterate bricks-and-clicks e-se,1,Quinnstad,114854502.23
maximize plug-and-play info-me,2,West Rachel,787539193.53
repurpose bricks-and-clicks in,0,New Jessica,887490698.29
deploy dynamic paradigms,0,Craigberg,171050592.16
revolutionize rich methodologi,0,Tuckerland,772896150.41
facilitate efficient portals,3,Andreafurt,605917802.07
drive cross-platform supply-ch,0,Lake Joseph,954431606.82
redefine back-end e-tailers,1,Burnettshire,165282789.38
implement seamless e-tailers,0,New Robertton,837671533.77
re-contextualize leading-edge ,0,Meganborough,763617238.04
iterate wireless e-commerce,3,Bateston,80957958.09
e-enable revolutionary synergi,0,Moodyside,882409521.02
deploy real-time systems,1,Joneschester,923515520.45
implement robust solutions,0,Lake James,741005344.38
implement revolutionary mindsh,3,New Kenneth,522173886.31
whiteboard dynamic platforms,2,Port Jack,985284870.01
disintermediate wireless bandw,1,Clayland,429265964.71
redefine end-to-end relationsh,1,South Luisshire,569756453.79
exploit extensible technologie,2,South Danfort,775339238.93
disintermediate 24/365 converg,1,New Meganberg,402428256.22
visualize virtual synergies,2,New Cynthia,944313942.13
re-contextualize bleeding-edge,1,South Nathanielchest,97424941.23
transition magnetic eyeballs,1,Jeremyhaven,824139395.16
repurpose innovative communiti,1,Sharonmouth,22715410.48
synergize B2C portals,1,Pageside,568130577.06
harness transparent niches,1,West Shannonmouth,199521693.58
visualize revolutionary bandwi,1,Curtisburgh,819932092.79
unleash granular eyeballs,1,North Victorstad,926149118.18
engage B2C experiences,0,Mooretown,423896123.91
evolve sticky communities,0,Edgarfurt,603412086.23
aggregate one-to-one e-busines,0,Williamberg,230951583.01
brand B2C initiatives,0,Saundersburgh,493496776.27
leverage out-of-the-box archit,0,Sarahmouth,264786907.17
repurpose next-generation part,1,Millerton,634595414.7
innovate real-time partnership,3,New Johnport,587815438.13
orchestrate distributed e-serv,2,North Candice,456809343.13
innovate web-enabled e-service,0,West Alisonland,486900572.84
drive synergistic paradigms,1,Ivanmouth,407598078.17
empower efficient e-markets,1,Whitemouth,663938064.18
unleash synergistic web-readin,1,South Jessicaville,500417856.7
visualize rich models,1,Danielfurt,637330439.33
repurpose front-end web-readin,0,New Lisastad,329276217.38
whiteboard plug-and-play metri,1,Mclaughlinshire,535642443.32
harness viral architectures,2,Shanetown,463983214.78
incentivize global users,1,Curtisbury,839114594.84
iterate strategic schemas,0,Lake Walter,873465517.16
architect clicks-and-mortar so,1,East Erin,841258950.17
embrace virtual eyeballs,2,South Elijahville,577364015.23
optimize clicks-and-mortar met,2,Laurenfurt,379917130.48
deliver leading-edge functiona,1,Grayfurt,266364820.86
engage visionary ROI,0,Wilkersonchester,69705327.57
deliver turn-key web services,1,Josephbury,440488559.87
whiteboard rich eyeballs,1,Lake Dean,935127242.37
re-contextualize scalable comm,0,Lake Michelle,275862411.99
evolve 24/365 architectures,2,Singletonstad,334069155.18
target best-of-breed infrastru,0,Lake Alyssaville,670814070.81
envisioneer value-added relati,0,South Karen,813260514.7
evolve customized niches,0,Stephaniemouth,952141252.73
revolutionize bleeding-edge sy,1,Lake Lance,802882461.64
re-contextualize front-end ban,0,Lake Christopher,987932159.24
productize transparent e-taile,1,North Gregory,34558708.7
whiteboard dot-com systems,1,North Michaelstad,858715716.45
facilitate cutting-edge archit,0,Lake Kimberlyville,89338923.97
disintermediate virtual e-comm,1,Mathewsfort,476898479.2
expedite strategic eyeballs,0,Lake Ashleeside,551675259.07
architect holistic application,0,Lake Allisonville,690343545.13
engage revolutionary vortals,1,Port Tylershire,656053075.72
streamline holistic web-readin,1,East Janet,672463434.8
disintermediate ubiquitous tec,0,New Pamela,470785668.91
drive viral partnerships,2,Jeremyland,590538857.34
transition ubiquitous relation,0,Seanshire,224509217.13
scale strategic relationships,1,Lake Bradleyland,756093752.82
repurpose back-end bandwidth,2,Sparksmouth,455551716.91
syndicate interactive eyeballs,2,New Jamesmouth,580403006.27
synthesize back-end models,0,Joshuabury,972550295.09
optimize frictionless niches,0,Port Anthonyhaven,654243368.21
matrix collaborative bandwidth,0,Lake Lisaland,958045153.88
re-intermediate rich communiti,2,East Alexander,196197109.68
monetize intuitive experiences,2,Thompsonbury,336780729.34
monetize cross-platform method,0,Wilsontown,483735617.03
disintermediate granular model,1,East David,24125855.93
engineer e-business functional,3,Jillbury,538562114.73
matrix holistic web-readiness,0,Aprilburgh,65785617.27
incentivize 24/365 schemas,1,Port Larry,166552348.04
integrate dot-com content,1,New Bruce,462750785.65
incentivize user-centric actio,0,West Angelicachester,903793090.16
productize clicks-and-mortar d,2,Port Brian,516197168.08
unleash best-of-breed ROI,2,North Dustin,879975242.01
streamline front-end schemas,2,North Robin,909902345.01
revolutionize seamless synergi,1,West Donside,182767133.24
synergize end-to-end architect,0,Hubbardburgh,37089802.2
morph magnetic info-mediaries,0,Roberthaven,408799327.0
seize integrated partnerships,1,Schneidermouth,266198458.98
productize best-of-breed parad,1,Joshuaville,251140708.87
syndicate synergistic users,0,Ianfurt,883016321.21
seize seamless e-markets,0,Frederickbury,478535712.57
deliver sticky vortals,1,Amyside,435419685.09
grow intuitive relationships,3,Orozcostad,331852908.18
harness real-time e-business,1,East Candicemouth,921686968.77
architect collaborative techno,1,North Dorothy,707745097.87
monetize vertical synergies,0,Samuelfort,17429594.71
facilitate turn-key architectu,1,South Brian,589648335.87
synthesize user-centric e-busi,0,New Rebecca,589998247.98
revolutionize visionary ROI,2,North Thomas,766556891.31
architect robust platforms,0,Jamesstad,323534732.26
target viral portals,0,Brownberg,776360286.83
revolutionize value-added plat,4,East Lindafort,449047020.13
maximize compelling partnershi,0,Lake Cassidyton,780866021.41
utilize granular models,3,New Christopherstad,356522827.65
revolutionize collaborative mi,0,East Justin,510602043.08
benchmark killer channels,1,South Angie,38466838.44
streamline revolutionary solut,1,Terryfort,26703767.72
scale 24/7 systems,0,West Laura,266918549.2
brand leading-edge networks,0,Manningfurt,509978810.19
exploit robust convergence,2,Tonyville,204519034.58
generate cross-platform e-serv,0,North Michaelchester,126958674.55
harness intuitive e-business,0,New Johnland,524770586.83
synthesize integrated relation,0,Priceside,367215865.09
leverage world-class methodolo,1,Judithview,418807761.75
optimize seamless systems,1,Millerburgh,894800810.1
productize mission-critical in,0,Haystown,982382231.83
syndicate magnetic application,0,West Kendraview,94898940.07
evolve interactive e-business,2,Port Markside,446537588.54
leverage dynamic models,2,New Williammouth,723608229.99
seize open-source channels,0,East Meganside,554173632.77
streamline out-of-the-box e-ta,1,New Clinton,754863736.7
re-contextualize bricks-and-cl,2,Christophermouth,931996842.34
incubate vertical synergies,0,Port Jessicaburgh,321298024.0
facilitate efficient supply-ch,1,West Melissamouth,803302378.4
synergize end-to-end relations,0,Juanbury,409266859.42
redefine cross-platform applic,0,Stevenstown,572783995.67
facilitate impactful methodolo,0,Juanside,831179679.7
synthesize cross-media models,2,Stewarttown,853972301.2
unleash cutting-edge ROI,0,West John,753439377.01
generate compelling supply-cha,0,Johnsonside,376692904.81
e-enable user-centric infrastr,0,South Andresfurt,745585195.67
integrate impactful e-tailers,1,New Christianland,298989510.37
leverage holistic portals,0,Mcdonaldside,147191672.62
matrix cutting-edge info-media,2,North Amandafort,710962250.51
optimize integrated channels,0,Port Michelle,46954236.37
unleash innovative content,1,North William,746363309.21
integrate revolutionary platfo,1,North Kathrynberg,532305526.69
optimize rich e-markets,1,Carpenterborough,630670241.57
whiteboard user-centric conten,3,New Josephfurt,93618569.61
reinvent synergistic solutions,1,Christopherville,749486991.36
seize compelling communities,1,Mallorymouth,731485022.79
architect revolutionary ROI,0,South Leahland,507609435.67
aggregate next-generation mind,0,West Howard,607147011.55
optimize synergistic relations,1,Angelastad,562643394.48
reinvent value-added content,0,Perryborough,795965795.14
reinvent web-enabled e-commerc,1,Perkinsmouth,221074396.0
extend scalable initiatives,0,Lake April,429286053.15
architect transparent ROI,2,Gloverside,283113005.5
morph granular info-mediaries,3,East Kirkhaven,508648819.32
facilitate open-source relatio,1,Markborough,481693969.03
re-contextualize proactive nic,1,East Danmouth,269058115.99
orchestrate 24/7 convergence,1,Jackbury,250868844.45
iterate real-time mindshare,1,Port Julia,341686759.6
morph bricks-and-clicks delive,3,Glennside,432770697.05
expedite synergistic synergies,0,Gonzalezmouth,339588214.53
morph e-business technologies,0,Kevinshire,972744994.04
strategize world-class applica,1,New Kimberlystad,956115098.23
brand revolutionary solutions,0,Maddenmouth,793773641.62
empower scalable architectures,1,Smithland,611951851.91
visualize magnetic mindshare,1,Lake Kristiechester,162416137.37
expedite mission-critical infr,0,New Dawn,881016682.49
drive sticky relationships,0,New Mariaburgh,482835228.16
architect wireless infrastruct,1,Wongchester,395079394.68
transition frictionless schema,1,Murphystad,933931620.8
enable 24/7 architectures,1,Andreatown,352586764.72
cultivate enterprise solutions,3,Mcintoshshire,856040925.28
transform world-class ROI,2,Juanmouth,220218997.35
engage magnetic web services,0,New Michaelchester,726041102.42
cultivate bricks-and-clicks re,0,South Sarahberg,417350533.68
strategize vertical e-business,3,Austinmouth,273128192.97
optimize visionary ROI,2,Lake Brettville,383539701.5
re-intermediate strategic arch,0,North Michael,274899138.29
monetize granular ROI,2,Wolfview,880888046.02
enable killer convergence,2,Marytown,986756546.89
implement extensible web servi,1,West Ivan,916157357.07
scale holistic methodologies,1,Melissaberg,23950745.8
engage bleeding-edge mindshare,0,Francoberg,140050106.55
scale e-business e-services,0,Port Connie,741274904.86
optimize strategic niches,3,Normaland,312589494.86
optimize visionary functionali,0,East Paulbury,534656476.45
utilize enterprise architectur,1,Jonathanburgh,561304496.88
reinvent value-added paradigms,1,Christineside,276134214.46
integrate rich methodologies,1,Deannamouth,454061126.96
productize turn-key solutions,1,West Lorraineton,41028637.91
aggregate real-time applicatio,0,Port Curtischester,169247460.8
seize clicks-and-mortar e-tail,0,South Jennifercheste,552209556.8
repurpose ubiquitous metrics,3,Rhondafort,976846882.25
strategize open-source supply-,1,Floresburgh,934488857.35
e-enable virtual networks,1,North Manuelbury,797537004.55
aggregate dot-com interfaces,1,Port Curtis,112422248.92
extend viral interfaces,1,Kennethberg,648741593.19
drive frictionless networks,1,South Jacob,317652418.63
productize enterprise partners,0,Hartmanton,26685561.92
disintermediate end-to-end web,2,Port Jessica,235684337.19
visualize bricks-and-clicks sy,1,Lake Jonathan,181859908.97
implement magnetic communities,1,Lake Charles,539073242.78
syndicate 24/7 models,0,East Brentberg,253565114.19
cultivate end-to-end infrastru,1,Rachelstad,265169950.18
re-intermediate revolutionary ,0,Vanessaberg,954435046.2
transition out-of-the-box info,4,North Markshire,503691942.19
engage 24/365 solutions,0,Anthonyton,351650369.58
expedite virtual technologies,2,Danielton,916576566.58
evolve granular partnerships,1,Estradabury,712297699.41
facilitate enterprise synergie,1,Hollychester,572091886.21
synthesize innovative markets,0,Watsontown,673014813.72
disintermediate next-generatio,0,Gregoryville,686214996.38
deploy 24/365 applications,1,Melindafort,378858346.67
expedite innovative e-commerce,0,Andrewview,3360099.95
extend e-business supply-chain,3,Wheelerton,428562562.6
engineer virtual experiences,0,South Luke,260935153.17
synergize cutting-edge experie,2,Port Christy,247312073.7
matrix viral convergence,1,East Michaelton,723326.82
unleash end-to-end interfaces,3,West Sheilafurt,527723542.9
facilitate 24/365 channels,1,East Brandonview,767940921.5
e-enable ubiquitous web servic,2,Matthewmouth,758730641.81
benchmark visionary relationsh,1,Antoniobury,597189668.57
redefine cross-platform market,1,Port Melissaland,692721695.82
architect scalable e-commerce,0,Nicholaston,270814269.7
engage collaborative bandwidth,1,Zacharyfort,791917204.46
cultivate revolutionary supply,0,South Martinfurt,659796256.75
leverage compelling channels,0,Alvinstad,500522720.66
incubate back-end vortals,1,Grantton,231741761.47
drive real-time e-markets,1,West Richard,517470306.82
visualize frictionless markets,3,Lake Caitlinfurt,720063356.18
enable e-business e-markets,2,Johnborough,947181533.31
unleash seamless users,0,Kellyville,52237687.03
re-intermediate seamless web-r,0,South Erin,965876025.0
integrate clicks-and-mortar de,1,New Alexander,795560455.92
visualize bricks-and-clicks in,1,South Nicholas,643270105.99
orchestrate best-of-breed inte,1,Carlosberg,693009006.01
utilize enterprise channels,2,Angelachester,13653567.24
implement interactive e-busine,1,Lake Christopherton,718954816.15
envisioneer revolutionary comm,1,North Gabrielfort,745483994.63
engage frictionless supply-cha,3,Derekmouth,967581281.22
repurpose viral info-mediaries,0,Parkerburgh,45495311.64
empower value-added paradigms,0,Mooreland,92375551.73
unleash turn-key e-markets,1,Michaeltown,225811330.53
empower 24/365 communities,1,Nicholasside,113764802.81
enhance strategic web services,4,Mirandashire,56747857.92
exploit web-enabled eyeballs,1,East Johnburgh,167260436.52
e-enable web-enabled niches,3,South Jasonside,51000473.6
benchmark proactive platforms,3,Maryfort,41370323.86
aggregate wireless architectur,1,Melissabury,939074620.36
grow real-time models,0,Johnathanbury,368747888.38
exploit enterprise platforms,2,South Nichole,599047031.65
leverage web-enabled technolog,0,Fieldsfort,643728182.78
architect global ROI,2,Lake Vincent,726670075.22
repurpose vertical e-business,0,Murphytown,269560186.1
maximize web-enabled interface,0,Nelsonhaven,478749924.02
aggregate compelling communiti,3,Phillipmouth,626997919.26
target 24/365 architectures,0,South Ian,798577603.97
repurpose visionary action-ite,0,South Matthewborough,634345892.96
unleash out-of-the-box initiat,1,Kristyland,293817324.76
visualize synergistic architec,2,Lake Tonya,231414686.65
enable dot-com info-mediaries,1,Shirleyview,827729044.31
deploy vertical schemas,0,Jamesbury,990173256.58
deploy efficient paradigms,0,South Matthewstad,790350828.85
repurpose strategic e-commerce,0,New Jasonchester,35857010.31
facilitate mission-critical pa,0,North Olivia,451073393.53
grow open-source infrastructur,2,South Jessica,770070894.0
monetize ubiquitous initiative,0,West Matthew,732896847.19
generate clicks-and-mortar tec,2,East Leahborough,432322484.23
syndicate next-generation band,0,Williamport,350928073.37
seize compelling eyeballs,0,Michaelton,915289702.0
morph granular mindshare,1,South Jennifercheste,223830877.86
empower innovative schemas,0,Jeremyton,933593106.75
productize synergistic users,0,Tinaberg,958073367.32
embrace rich architectures,3,Smithchester,173262946.61
orchestrate granular systems,1,Michaelton,646223146.17
embrace distributed e-commerce,2,Knightfurt,693935467.2
repurpose 24/365 metrics,0,Carolburgh,954608694.24
redefine dynamic systems,2,Michaelmouth,282921677.65
empower user-centric supply-ch,0,South Meganberg,135971941.98
visualize clicks-and-mortar vo,1,East Tyler,143355498.84
aggregate bricks-and-clicks pa,0,Port Toni,668306558.47
disintermediate cross-platform,2,West Stephanieshire,676922630.65
grow vertical synergies,1,Edwardsborough,310666274.68
target compelling methodologie,0,Lisaview,21060406.84
e-enable distributed mindshare,3,Christianmouth,893097247.17
whiteboard cutting-edge schema,1,Richardport,796751775.56
target B2B deliverables,0,Shannonview,482616047.15
re-contextualize granular netw,1,Joshuamouth,782403034.64
leverage value-added action-it,1,Birdview,402477936.63
exploit web-enabled models,2,South Brittany,12764375.91
engineer frictionless info-med,0,West Kellymouth,9360080.41
target customized mindshare,1,Courtneybury,620538799.66
iterate dynamic markets,0,Samanthashire,993308354.88
grow transparent vortals,0,Williamsstad,932190421.57
monetize robust applications,1,Barbarabury,80078630.37
transform integrated convergen,0,West Douglas,266147395.54
visualize virtual architecture,3,Romanfurt,99727900.41
whiteboard turn-key partnershi,0,East Bradleyport,9775836.43
incubate synergistic communiti,1,West Christopher,432106547.25
engineer out-of-the-box infras,0,Smithtown,631903381.29
repurpose next-generation deli,1,Wilkinsonfort,827062673.48
whiteboard granular content,1,Lake Kevin,657499799.5
seize synergistic web services,0,Mullenstad,581196464.58
seize robust e-markets,2,Lake Charles,181717241.93
empower dynamic systems,0,Anthonystad,386512947.6
facilitate collaborative vorta,1,New Allison,877777071.04
benchmark back-end networks,1,New Carla,814764731.97
matrix innovative action-items,0,Houseville,452013023.68
leverage cross-media action-it,1,Port Deborahfort,84130279.94
optimize customized channels,0,Jacksonton,120790336.56
e-enable transparent e-busines,0,Hillfort,311136282.15
innovate magnetic paradigms,0,Port Crystalborough,530126154.32
brand 24/7 niches,0,West Mariamouth,303693605.81
engineer cross-media supply-ch,1,Patrickbury,579988323.41
re-intermediate magnetic techn,1,Lake Robert,717418696.31
e-enable wireless relationship,0,Lake Christopherburg,711907658.55
brand bleeding-edge vortals,5,West Edward,136013156.69
matrix virtual action-items,0,Lake Alexander,115368952.43
strategize dot-com e-business,0,Maryton,297150414.64
evolve out-of-the-box technolo,1,Leblancshire,233555832.88
transition intuitive experienc,0,Toddside,471482512.52
disintermediate 24/365 markets,2,East Joshua,658861585.35
redefine killer convergence,1,Griffithberg,998645380.47
embrace synergistic systems,1,Smithtown,751140323.14
incubate B2B interfaces,0,South Ericahaven,836396721.7
embrace extensible technologie,0,South Michaelstad,430433536.96
empower holistic markets,2,Carrillomouth,998608719.72
re-contextualize global partne,0,Amyburgh,887463861.87
drive revolutionary metrics,2,Kimberlyshire,860714498.89
monetize cross-platform archit,2,Paulfort,67734291.65
reinvent cutting-edge interfac,0,West Kim,791446284.67
productize e-business interfac,0,Johntown,204616587.64
facilitate strategic initiativ,0,Fordfurt,974988413.9
deploy bleeding-edge initiativ,1,West Jason,608591137.84
evolve user-centric action-ite,0,North Josephfort,387232405.51
harness frictionless architect,0,South Richardland,567445406.65
unleash wireless e-commerce,0,South Thomasbury,720346494.41
synergize compelling applicati,0,East Richard,905986777.27
deploy virtual eyeballs,1,South Anthonyview,438050000.09
orchestrate holistic web servi,0,East Ashley,931288639.51
exploit intuitive networks,1,North Laurenborough,761684863.34
engineer cutting-edge initiati,1,West Stephanie,119525018.31
synergize plug-and-play e-comm,2,Lambertburgh,66131873.77
deliver virtual web-readiness,1,Tonyastad,564997894.32
orchestrate back-end markets,0,Sanchezfurt,756558816.34
deliver cutting-edge technolog,0,Port Renee,735267919.97
generate magnetic infrastructu,0,Angelafurt,861449153.34
empower ubiquitous technologie,1,Port Tracychester,289959445.96
mesh leading-edge initiatives,1,East Lesliemouth,959997655.4
repurpose one-to-one partnersh,0,Dawnborough,824391963.38
enhance dynamic eyeballs,0,Port Stephanie,634766107.78
exploit out-of-the-box e-servi,0,Derekton,563716896.39
evolve dynamic e-tailers,0,Thomasview,174148026.54
monetize e-business portals,0,Anthonyview,294825852.03
streamline visionary platforms,1,Jimenezville,239308899.87
engage value-added convergence,2,West Brendan,221503174.11
optimize e-business info-media,2,Lake Michael,881415006.43
exploit enterprise eyeballs,1,Perezton,273406285.72
strategize sticky communities,1,New Kennethstad,226462900.83
envisioneer best-of-breed vort,1,West Matthewmouth,828127065.44
evolve synergistic technologie,0,New Anthonyview,179888080.08
facilitate seamless experience,2,Bishopmouth,94839606.92
architect virtual synergies,0,Meyersbury,144781770.51
implement innovative schemas,3,Stephaniebury,931876892.59
aggregate cross-platform parad,2,Penaton,971923615.69
visualize cross-media function,2,Deborahville,851319309.5
seize impactful convergence,2,North Jenniferhaven,683373029.96
target open-source ROI,0,North John,432588566.05
redefine wireless channels,1,West Stacybury,976658257.74
maximize world-class experienc,2,South Gabrielle,283475659.15
brand dot-com communities,0,Port Kirkburgh,452124972.14
engage robust communities,1,Jennifermouth,296315274.34
exploit robust action-items,4,East Michaelshire,195768720.21
exploit ubiquitous web-readine,2,Lake Brittany,466806064.41
revolutionize world-class web ,1,Jenniferstad,859763490.81
monetize compelling content,1,South Shannonhaven,625800454.54
grow global paradigms,0,Marthaton,397950167.85
engineer cross-platform partne,0,Floresbury,847853467.41
monetize holistic supply-chain,2,South Angelamouth,14179793.85
visualize revolutionary functi,2,Mayport,428394165.89
orchestrate proactive bandwidt,0,South Katrina,433683666.26
integrate distributed bandwidt,2,Virginiaville,411993943.73
incubate mission-critical cont,2,New Luke,347670733.74
incubate visionary e-tailers,2,Martinton,904672115.58
unleash sticky web-readiness,3,West James,873149884.2
incentivize global web service,0,Javierhaven,661683191.28
brand collaborative experience,2,East Benjamin,513386040.62
maximize killer e-services,1,West Dawntown,951843396.85
maximize dot-com mindshare,2,Paulchester,768211544.33
enable open-source niches,0,Jessicamouth,820034910.76
orchestrate distributed supply,0,Ellischester,146549376.67
implement leading-edge mindsha,5,Robinton,499148520.79
synthesize world-class users,1,South Territon,818205383.53
matrix revolutionary eyeballs,1,Kleinfurt,494367817.41
envisioneer proactive ROI,0,Heatherburgh,101357218.35
evolve killer niches,1,Diazville,680070724.88
exploit ubiquitous eyeballs,2,Alexanderborough,799465979.94
e-enable virtual partnerships,1,New Crystal,193434827.36
embrace mission-critical eyeba,2,New Michaelhaven,220511493.33
synergize cutting-edge supply-,1,New Jacqueline,454008132.05
empower cutting-edge eyeballs,1,North Jesus,958642444.96
synergize open-source systems,1,East Zachary,316761111.95
strategize distributed synergi,0,Baxtermouth,134009428.99
envisioneer granular communiti,2,Fuenteshaven,510302286.85
enable 24/7 partnerships,1,New Melissa,993562600.52
morph robust partnerships,1,Greenport,718554500.51
incentivize wireless e-markets,0,North Gregorystad,302692825.83
leverage wireless vortals,0,Port Kent,214399060.34
engineer enterprise metrics,0,Lake Lindsay,212003194.17
integrate bricks-and-clicks pa,0,Greenmouth,114842538.86
utilize open-source e-services,0,North Samantha,348499125.22
deploy out-of-the-box technolo,2,West Cheyennefurt,667254971.07
innovate synergistic ROI,0,Lake Nicole,660452812.15
e-enable next-generation solut,0,New Erica,402107889.93
leverage synergistic vortals,2,North Jesseville,456101507.34
iterate extensible e-markets,1,Port Mark,521919013.12
leverage bleeding-edge vortals,0,Burtonshire,203978879.52
architect open-source e-busine,2,Stricklandberg,355082762.96
optimize integrated architectu,0,New Chadview,663169234.79
scale seamless metrics,0,East Michele,259737942.09
utilize viral content,0,South Darrellberg,672324143.47
strategize bricks-and-clicks e,1,Lake Carolyn,901289536.64
leverage scalable info-mediari,4,Whitechester,79920742.0
productize best-of-breed e-ser,2,New Rachaelville,949792501.8
brand B2B action-items,2,Jeffreyfurt,56880720.07
target visionary architectures,1,Josephside,174342279.09
transition revolutionary syste,1,Maureenstad,482956860.26
orchestrate best-of-breed eyeb,1,North Sean,154047325.64
utilize wireless schemas,0,Port Angelashire,700848864.76
aggregate killer schemas,1,Woodburgh,354920305.45
revolutionize intuitive e-busi,1,East Christina,906871393.36
embrace dot-com methodologies,0,West Ronaldmouth,308444062.78
revolutionize B2C networks,0,Williamsstad,580332882.28
drive cross-platform methodolo,3,Martinland,186052359.76
target collaborative synergies,0,North Joshuaberg,994222407.41
synthesize dot-com partnership,0,Meyerburgh,82514297.48
implement magnetic mindshare,1,Port Carol,423354871.49
disintermediate cross-media mi,0,Lake Joseport,509755629.71
target best-of-breed methodolo,1,Mcfarlandshire,317552711.32
revolutionize vertical schemas,0,Cathyville,28969976.22
re-intermediate transparent e-,1,New Heather,97837059.7
enable ubiquitous communities,1,Lake Tiffany,326312099.44
engage dot-com markets,1,Michaelside,134173227.35
orchestrate value-added system,1,Colleenmouth,62154100.91
transition e-business initiati,1,North Laurahaven,264365444.48
optimize collaborative channel,2,Christinastad,571522168.28
facilitate transparent niches,0,Amandaland,737011656.56
engage clicks-and-mortar conve,0,North Darryl,442207225.29
seize robust partnerships,0,Lake Stevenburgh,709206856.84
facilitate ubiquitous e-tailer,1,Robertaport,518805085.24
strategize leading-edge ROI,1,Johnsonmouth,94704473.83
extend robust channels,4,Erictown,527706305.48
syndicate synergistic portals,1,Port Juan,914858001.22
aggregate proactive paradigms,1,South Brianland,808362132.71
productize scalable solutions,2,Elizabethstad,807472900.64
expedite leading-edge relation,1,North Stephanieport,459299336.99
envisioneer vertical platforms,3,Williamville,686936515.05
whiteboard next-generation com,0,Donaldview,55288041.92
transform customized networks,1,Garciachester,185161277.48
utilize best-of-breed models,2,Anthonyview,473372210.22
re-contextualize transparent n,1,South Larryburgh,347658830.79
productize web-enabled platfor,2,Lake Daniel,245920096.77
enhance turn-key web-readiness,0,Port Scottchester,464772987.77
implement intuitive portals,1,Trujilloton,215323123.67
target transparent deliverable,4,Brockview,22114842.37
leverage intuitive web service,0,Roberttown,561706805.05
incentivize leading-edge model,1,Deniseborough,566001912.61
optimize 24/365 e-commerce,2,Armstrongberg,294671329.94
e-enable out-of-the-box eyebal,0,New Kimberlyland,568814753.15
morph out-of-the-box e-service,2,Port Annahaven,247517172.92
generate visionary deliverable,2,East Elizabethmouth,517691459.15
innovate transparent communiti,0,Nixonmouth,457207973.75
drive bleeding-edge partnershi,1,Port Kimberlyside,320215676.61
repurpose granular action-item,2,Davistown,958845875.37
envisioneer end-to-end partner,0,Lopeztown,128648356.37
envisioneer sticky initiatives,1,Michelleport,579343641.93
monetize plug-and-play synergi,0,Port Cynthiaton,680695021.96
iterate bleeding-edge users,1,Farmerside,480885680.35
engineer granular e-tailers,0,New Joshua,648146482.49
leverage viral bandwidth,1,Kimland,796042785.2
cultivate back-end e-commerce,0,West Joseph,40915875.14
extend out-of-the-box web serv,0,Beardberg,367638595.61
expedite mission-critical mode,2,Edwardmouth,186283647.01
synergize 24/7 platforms,1,Port Brianborough,481623154.49
facilitate 24/365 portals,1,East Christopherbury,822841916.53
syndicate revolutionary vortal,0,Richardbury,583153253.83
strategize frictionless networ,2,South Maryborough,259506903.71
embrace world-class e-services,1,Roblesburgh,866508917.0
e-enable virtual portals,0,Carterhaven,622378914.48
unleash front-end info-mediari,1,North Donald,99376778.28
reinvent ubiquitous channels,1,Zamorabury,221569848.8
exploit seamless supply-chains,2,North Sharon,936007657.25
expedite B2C markets,1,Juliaborough,511836656.47
re-contextualize world-class t,1,East Margaret,585417426.49
re-intermediate mission-critic,2,Adamstown,290939061.36
enable dynamic supply-chains,1,Lake Dorisport,379282841.52
brand killer technologies,2,Joseland,432386457.96
visualize holistic niches,1,Ochoafurt,542419947.17
visualize B2C methodologies,1,Lake Brandon,345574599.36
strategize next-generation min,1,Stoneburgh,454332062.35
productize vertical interfaces,0,West Robertaborough,46690866.24
enable extensible networks,1,Davenporttown,39864449.26
monetize cross-platform applic,0,Jessicachester,896140056.61
architect turn-key technologie,2,North Tonya,814911519.93
enable real-time applications,0,Salazarstad,816111324.68
productize clicks-and-mortar R,0,North Daniel,846830048.16
target innovative relationship,0,Port Laurie,4038322.8
iterate world-class convergenc,1,Saraberg,949920438.52
syndicate bleeding-edge ROI,0,New Katelyn,428818091.76
orchestrate dot-com networks,2,East Brianchester,357849894.36
synthesize one-to-one channels,0,New Kristenville,328464627.43
streamline strategic bandwidth,1,Lake Helen,962961783.36
evolve real-time niches,0,Gregorychester,906396755.82
iterate innovative e-business,1,New Robert,436094418.83
re-intermediate value-added pa,0,East Megan,73928380.37
embrace enterprise e-business,1,Manningfurt,95940171.89
harness plug-and-play mindshar,4,West Loriside,703045446.89
productize global infrastructu,2,Daisyside,118471015.68
syndicate e-business applicati,2,New Ronald,198503939.85
redefine killer architectures,1,Joshuaville,827237090.97
enhance transparent niches,1,Kimbury,175330012.34
enhance bricks-and-clicks web-,2,Smithland,637454523.69
deliver enterprise portals,3,Christineland,212208376.68
synthesize ubiquitous mindshar,3,Wendytown,719555031.72
repurpose granular metrics,0,Harrisbury,250797929.51
syndicate extensible technolog,0,West Brandon,202579849.67
empower viral niches,0,Lake Jamesview,300705327.43
redefine one-to-one markets,1,West Tammy,544790356.12
whiteboard one-to-one networks,2,East Cynthia,421531740.55
embrace transparent mindshare,1,Nathantown,450057883.12
unleash dynamic mindshare,2,Williamchester,518005740.59
synergize e-business systems,0,Brownbury,462445889.15
synergize e-business bandwidth,0,Sanchezbury,640204479.0
deploy granular e-markets,1,Mendezstad,645264219.75
incubate frictionless applicat,0,North Victoria,99470891.37
exploit turn-key experiences,2,Brandonland,683356314.8
enable user-centric markets,3,Taylorchester,941060924.48
deliver mission-critical ROI,0,South Miguel,603145773.37
drive one-to-one paradigms,2,Lake Stacey,320893573.6
synthesize rich e-tailers,2,Port Ricky,294956603.79
productize magnetic ROI,0,West William,45460140.81
whiteboard transparent web ser,2,East Patriciaport,736325919.05
leverage viral content,0,Joshuaport,692016149.41
generate extensible metrics,0,North Kevinfort,669913083.96
aggregate vertical web-readine,1,New Jessicamouth,653973853.72
seize synergistic infrastructu,0,Lake Briannaton,378037291.74
generate 24/7 e-services,1,Lake Kenneth,405539798.1
enhance ubiquitous e-tailers,1,Lewistown,742086947.9
visualize customized web servi,0,Allenfort,585205234.53
scale best-of-breed bandwidth,1,Lake Valerie,905614355.41
incubate proactive architectur,0,Ramirezton,616148820.71
implement next-generation web ,0,East Lisastad,550707346.08
deliver robust mindshare,1,Port Brianna,86452053.56
grow integrated systems,2,West Julieside,24858451.27
disintermediate vertical actio,0,West Melaniemouth,256173774.93
engage back-end relationships,0,Port Christophervill,189373724.42
aggregate 24/7 e-services,2,East Vernon,304243312.21
target visionary convergence,2,East Jasonland,41497675.49
incubate cross-platform models,2,Lake Brenttown,213253316.64
morph efficient web-readiness,1,North Ronald,842672504.82
strategize rich interfaces,0,Smithhaven,544274921.47
syndicate rich paradigms,0,Staffordfurt,687386278.9
deliver turn-key e-tailers,1,Andersonview,271711502.76
disintermediate out-of-the-box,1,North Kristin,847559052.78
target open-source infrastruct,1,Lake Jessica,675124880.93
envisioneer back-end e-busines,0,East Yolanda,321548912.04
harness enterprise mindshare,1,Port Larrychester,894216879.26
repurpose mission-critical app,0,South Jennifertown,782752682.24
embrace rich channels,0,South Ronald,900122186.68
leverage wireless experiences,1,West Daniel,465562763.95
productize revolutionary exper,1,Markland,417861594.7
evolve e-business technologies,1,Lake Chase,895303573.44
revolutionize compelling syner,0,Hansonville,116788798.6
engage revolutionary niches,1,Port Pamela,360538785.78
envisioneer open-source partne,1,Andrewchester,941931121.72
matrix cross-media e-business,3,Port Kellyside,711241372.91
architect turn-key interfaces,1,Ericachester,529825984.31
matrix integrated vortals,0,East Darren,119462727.75
harness e-business networks,3,Brianaport,367293307.55
scale B2C functionalities,0,Perryfort,434124836.25
streamline robust e-markets,1,Port Rachel,675611541.56
benchmark one-to-one infrastru,2,Manningmouth,388405924.96
generate wireless applications,1,East Samanthaport,747412065.3
strategize visionary e-markets,2,Brendafort,844162063.64
engineer proactive functionali,2,South Christopherche,889276882.19
re-contextualize strategic exp,0,Connorborough,481687975.46
facilitate e-business e-market,2,Castanedaton,807129219.08
innovate customized architectu,2,North Robert,990902840.86
architect global info-mediarie,0,North Dana,887193543.85
morph distributed interfaces,0,Christineburgh,238173723.55
repurpose one-to-one e-service,0,West Jared,973451448.2
transform web-enabled solution,1,Bowersmouth,137823367.18
streamline killer schemas,0,South Jason,660211064.07
evolve global functionalities,1,Lake Karen,773929286.97
morph scalable solutions,1,East Matthew,785623916.86
engineer visionary content,0,Brandonfurt,811057061.16
redefine out-of-the-box initia,1,Rhondaview,240062101.81
extend one-to-one platforms,1,Amyland,936990785.65
syndicate dynamic functionalit,1,Garciaview,417812429.07
repurpose global info-mediarie,3,Lake Evanchester,713314556.97
disintermediate mission-critic,0,Hornview,197670476.31
mesh scalable applications,0,Yoderville,358264050.99
scale front-end niches,0,Alexisfurt,897290790.33
re-contextualize collaborative,3,Laurieland,371253822.96
exploit user-centric e-markets,2,Ericport,194859008.27
transform collaborative info-m,0,New Omarstad,468245199.4
syndicate cross-platform info-,1,Port Joshuamouth,794504436.3
strategize synergistic initiat,3,Michaelberg,917726612.3
utilize virtual e-tailers,0,West Heiditon,463748725.25
visualize customized supply-ch,3,Bryanshire,20897488.56
synergize robust e-tailers,3,Leahland,968351673.29
repurpose next-generation supp,0,Lake Daniel,677349273.17
harness rich web services,3,Port John,429548496.73
benchmark holistic metrics,2,Port Noahville,812155342.75
transition B2C eyeballs,1,Portermouth,497022836.93
maximize distributed architect,0,Marvinstad,463163157.02
grow transparent infrastructur,0,Phamberg,787014801.93
e-enable rich infrastructures,2,Davidbury,606041165.81
scale world-class action-items,1,Lake Mark,125821834.61
expedite transparent communiti,1,Elizabethborough,732443707.27
productize intuitive info-medi,2,Julieport,831980479.66
strategize scalable methodolog,2,Hunthaven,640204539.38
target distributed e-markets,3,Herringport,711358089.01
transform dynamic e-services,0,Perezborough,864082724.26
mesh cutting-edge infrastructu,0,Shepherdport,889720930.22
utilize cross-media info-media,2,Lake Kimberlyview,162416943.31
whiteboard innovative paradigm,1,West Amanda,349107232.63
incentivize efficient e-commer,1,Jenniferchester,549520729.25
synthesize world-class models,0,Sanchezhaven,781086569.51
deploy global users,1,Baxterfort,163943214.92
embrace 24/7 communities,0,South Joshuaburgh,628812786.98
incentivize magnetic models,1,New Seanview,436203568.34
transition plug-and-play platf,0,South Kylie,641381299.62
incentivize dot-com users,0,Nathanmouth,935870678.38
innovate best-of-breed bandwid,0,South Thomas,292436655.22
reinvent seamless e-tailers,1,Simpsonhaven,716600357.24
unleash cross-media vortals,1,East Jillianview,102989067.63
repurpose end-to-end synergies,0,New Tracifort,413284397.42
unleash revolutionary action-i,1,Blakeside,560359292.06
benchmark web-enabled e-tailer,3,Whiteview,769467513.82
syndicate value-added content,1,North Darrenside,799772889.49
visualize robust systems,0,East Davidport,942429817.71
drive dynamic web services,1,Kathleenberg,808148512.61
strategize dot-com info-mediar,0,Robertton,596651156.5
e-enable wireless infrastructu,0,New Laurafurt,286022575.8
extend killer initiatives,0,Port Julianfort,294108158.09
architect proactive models,2,Lake Carlabury,365441582.77
incubate 24/365 schemas,0,Ericksonton,985822670.91
leverage e-business functional,0,Kyleside,720424112.7
facilitate real-time infrastru,0,Jessicaview,43709223.04
re-contextualize magnetic supp,1,North Glenda,512421926.28
utilize dynamic mindshare,1,Hamiltonborough,353994561.13
deliver revolutionary technolo,0,Alexandriastad,995023691.96
syndicate enterprise bandwidth,0,Phillipsfort,922453035.43
synthesize 24/7 interfaces,1,Lake Gabrielle,505778010.38
engage holistic e-markets,1,New Jenniferside,455442237.62
incubate open-source functiona,1,Lake Danielmouth,416977125.46
mesh rich solutions,2,New Jason,86946620.06
repurpose B2B solutions,1,Catherineport,937511988.67
iterate customized ROI,0,Port Marcburgh,534667580.38
incentivize turn-key infrastru,1,East Sarahshire,744116703.68
redefine bleeding-edge channel,1,Port Davidville,232809447.55
engineer dot-com markets,0,South Alexisburgh,456204407.32
engineer killer ROI,0,Lake Aprilberg,795154949.55
leverage seamless solutions,1,Kimberg,724381355.26
embrace 24/365 eyeballs,1,South Michael,224985280.59
productize bricks-and-clicks a,0,Hollystad,269686280.2
repurpose turn-key schemas,0,Grayton,94987872.4
streamline rich bandwidth,2,Lake Karenshire,924713580.81
engineer user-centric infrastr,0,South Kathrynbury,526341073.03
unleash innovative methodologi,1,Vanessashire,451007795.34
revolutionize web-enabled acti,0,Lake Linda,108720904.26
re-contextualize seamless func,2,West Allisonfurt,132296411.0
matrix end-to-end ROI,1,Rossburgh,753898632.57
orchestrate impactful networks,0,Phillipsland,755261644.18
generate e-business e-services,1,Spearsfort,599833940.77
harness impactful models,0,Port Stephaniemouth,320393466.05
whiteboard e-business ROI,2,West Amandahaven,403949071.78
strategize granular action-ite,1,Sampsonmouth,885562670.94
architect killer vortals,0,Lake Brianborough,822256089.26
unleash extensible niches,0,New Kristenside,510962744.32
deliver visionary e-services,1,Maxwellfurt,678427198.73
harness frictionless deliverab,2,Austinport,287151659.48
expedite virtual e-markets,1,North Jennifer,798912204.1
enable holistic eyeballs,3,Greenshire,82945290.05
innovate front-end info-mediar,0,Watsonton,542178583.85
target strategic e-commerce,2,Donnastad,305744469.15
orchestrate dynamic initiative,1,Adkinsport,727411012.42
visualize integrated info-medi,1,West Maryborough,825363732.86
matrix customized synergies,0,Nguyenstad,355718462.31
incentivize cutting-edge metho,3,North Darrylbury,389303537.71
enhance vertical vortals,2,Port Richardmouth,811234876.64
repurpose interactive infrastr,4,West Michelle,699864999.18
evolve proactive architectures,1,Hernandezview,751699780.63
brand efficient markets,3,Robertsonside,158138423.31
incubate cross-platform models,0,Donnamouth,834459172.0
synthesize customized web-read,1,South Douglasview,25838329.45
target bleeding-edge e-busines,0,West Kimberly,669325216.01
enable cross-media e-commerce,0,Christineton,955398298.82
embrace turn-key e-tailers,2,Lake Rebeccafurt,831173324.86
drive virtual relationships,2,Emilyfort,763887719.66
transition 24/365 ROI,1,Port John,278704059.25
architect magnetic application,2,Estesville,544762503.16
generate back-end vortals,0,Robertsview,805088401.35
re-intermediate rich models,4,Kellymouth,956657168.38
orchestrate impactful technolo,0,West Anita,181961383.7
generate wireless bandwidth,0,East Kaylatown,88684150.74
engage dynamic communities,0,Lake Josephton,334285012.82
brand compelling supply-chains,2,Desireehaven,238992819.55
utilize viral methodologies,1,West Clinton,788730790.38
benchmark 24/365 initiatives,0,Sarahfort,125395498.83
architect viral architectures,1,East Meganbury,209913651.91
whiteboard granular initiative,0,West Abigail,966713960.57
optimize scalable architecture,3,East Elizabethmouth,518861236.38
e-enable enterprise portals,1,Howeland,366490601.94
reinvent collaborative platfor,5,Cantuborough,362023436.95
scale B2B partnerships,3,Lake Martin,361113083.45
revolutionize user-centric vor,3,Blakehaven,924603795.65
maximize real-time metrics,2,Robertsborough,734587240.57
extend distributed convergence,0,Sylviaside,810236900.59
benchmark visionary solutions,0,South Stevenburgh,588956083.85
repurpose collaborative interf,1,Port Kylie,949258326.5
deliver world-class communitie,1,Russellshire,162904379.28
productize B2C info-mediaries,1,East Staceymouth,154743797.38
revolutionize proactive bandwi,3,East Lisachester,556962449.36
target collaborative metrics,0,Lake William,469159128.87
disintermediate B2B users,2,Toddberg,429467919.32
re-intermediate mission-critic,0,New Shelly,230860041.81
strategize front-end systems,2,East Stacey,303704472.43
transition proactive relations,2,Floresfurt,309061628.68
benchmark one-to-one e-commerc,0,Gutierrezfurt,260258177.26
extend clicks-and-mortar exper,0,Martinmouth,288516373.35
incentivize clicks-and-mortar ,0,New Robertville,85754277.39
transition killer infrastructu,1,Simpsonshire,970968855.08
incubate robust e-tailers,0,Allenborough,981221824.31
re-contextualize out-of-the-bo,1,Riosland,530039207.16
seize e-business schemas,1,Port Mariashire,354365170.73
reinvent end-to-end infrastruc,2,West Jeffreyland,187975652.68
revolutionize turn-key ROI,0,New Katherine,520415875.9
expedite dot-com applications,2,Petersstad,617603463.74
grow world-class interfaces,2,Port Collinshire,799958500.45
matrix one-to-one users,0,West Kathleen,917455797.91
matrix intuitive interfaces,0,Derrickside,347162273.87
incentivize vertical content,0,Kaylachester,699756318.47
repurpose vertical experiences,0,South Gregory,681208061.33
evolve out-of-the-box mindshar,1,Port Michaelmouth,149871602.85
unleash real-time vortals,1,East Nathanielboroug,188930097.65
disintermediate holistic suppl,1,Taylorville,116560951.92
productize e-business synergie,1,Port Kristen,718859618.76
maximize front-end content,3,Lake Kellyville,923578060.93
target wireless content,0,Port Laurentown,464290560.24
innovate 24/7 ROI,3,Emilybury,894826421.02
re-contextualize magnetic inte,0,Port Danielstad,905074942.58
morph value-added info-mediari,1,West Kevinland,73146504.97
redefine dynamic action-items,0,Jenniferbury,959474421.56
engage back-end schemas,0,New Phillipview,278786188.38
implement virtual relationship,0,Allenton,93571204.03
engage real-time relationships,2,East Roy,154765399.58
harness back-end solutions,0,Wilsonstad,836700919.97
re-intermediate best-of-breed ,1,Lake Tina,890014825.95
re-contextualize dot-com bandw,3,Jennahaven,493664152.46
drive visionary applications,1,Lake Lindaland,453426059.9
redefine value-added metrics,3,Johnsonbury,359119033.1
integrate compelling web servi,1,East Philipton,77185281.17
transform dot-com partnerships,3,New Brittanyton,227936828.34
expedite dynamic networks,1,Lake Gregory,331719286.79
drive value-added synergies,0,Lake Teresaport,540951560.93
drive mission-critical archite,0,Christinebury,141457395.51
e-enable ubiquitous content,1,South Alisonport,856973513.18
incentivize value-added functi,1,Cannonborough,82350777.27
redefine open-source initiativ,1,West Jenniferborough,792847140.89
incubate dynamic metrics,1,Lake James,385906530.46
utilize back-end web-readiness,4,Walkerland,224033859.11
brand best-of-breed methodolog,3,Knappchester,856491116.62
deliver efficient content,0,Smithtown,337308054.99
unleash integrated bandwidth,2,New Timothy,747831452.85
re-contextualize user-centric ,0,New Jennashire,132319507.26
repurpose real-time paradigms,3,East Bonniechester,701276578.25
orchestrate front-end web-read,2,West Tarashire,589266694.66
productize killer paradigms,0,East Jameston,755476150.79
benchmark revolutionary e-serv,1,Port Christineshire,551477344.97
redefine cutting-edge initiati,1,East Jason,501450562.8
productize interactive niches,0,Port Kristopherbury,375607750.59
integrate back-end networks,1,Travishaven,930413474.24
brand bricks-and-clicks functi,2,Shawnhaven,178274577.44
empower clicks-and-mortar meth,0,New Krista,41366333.35
synthesize B2B users,0,New Donaldchester,219752102.63
matrix front-end functionaliti,2,Shawnview,487278760.25
synthesize cutting-edge initia,0,Jonesstad,132320396.08
evolve scalable solutions,2,East Richard,594441591.07
seize granular mindshare,1,West Janet,694118155.54
exploit efficient platforms,1,Lake Williamchester,164111156.18
engage customized experiences,1,Johnsonberg,5010140.81
synthesize out-of-the-box nich,2,New Michaelville,449276922.63
cultivate rich applications,3,South Andrew,193826279.47
productize B2B interfaces,2,West Lynn,635166102.48
leverage 24/7 metrics,2,Port Sheliachester,412298836.81
synergize revolutionary portal,2,Morabury,654663688.04
implement front-end schemas,0,East Bradley,521296768.76
repurpose ubiquitous ROI,0,South Williemouth,601010497.0
whiteboard impactful relations,0,North Brandy,58775310.84
seize back-end platforms,1,East Danielle,241426566.42
redefine out-of-the-box relati,2,Corybury,298733340.09
integrate viral supply-chains,1,West Amy,237508652.62
productize dot-com initiatives,1,Lake Brenda,744010969.44
deploy clicks-and-mortar web s,1,Jeffreytown,798627624.28
enable strategic experiences,2,East Beth,351438449.58
synergize best-of-breed bandwi,0,South Amyside,988197723.1
disintermediate scalable minds,2,Port Tracy,182884525.02
integrate leading-edge users,0,West Juliaport,169307419.53
enhance user-centric info-medi,1,Stevenmouth,239671597.25
maximize plug-and-play metrics,0,Franciscoburgh,189708921.48
whiteboard mission-critical re,1,Port Daniellemouth,330873065.8
reinvent strategic infrastruct,2,Lake Whitney,278321089.23
transition robust web-readines,0,Port Carlos,506792414.16
enable B2C deliverables,1,Westburgh,679018317.68
re-contextualize seamless mind,2,West Michaelborough,529685185.78
seize end-to-end vortals,1,Johnsonside,71421291.2
transition killer technologies,1,East Joshua,529910501.89
visualize cross-platform e-ser,0,South Garymouth,570357364.23
incubate dot-com experiences,1,West Sharonmouth,487615793.22
re-contextualize B2B channels,1,Michaelmouth,938099514.71
matrix visionary technologies,1,South Heidifurt,145045017.59
implement synergistic content,2,New Barbaraport,158751598.57
seize distributed web-readines,1,Martinezton,167960798.76
syndicate one-to-one channels,0,Port Joseph,602856196.4
envisioneer customized content,0,Teresaland,958286380.11
transition frictionless experi,2,North Ryanhaven,156657459.0
benchmark plug-and-play interf,2,South Brett,10789735.63
utilize extensible supply-chai,0,Ayersmouth,207325697.63
aggregate bricks-and-clicks ex,1,Suttonview,399948306.14
utilize 24/365 users,3,Saunderstown,83951624.7
morph out-of-the-box web-readi,2,South Angelaborough,170980395.39
envisioneer magnetic communiti,2,North Nicholas,397162657.01
repurpose cross-media technolo,2,Ericmouth,551984378.86
integrate interactive initiati,0,Bryanville,492597268.56
strategize visionary info-medi,2,New Bradleytown,835409505.41
enhance virtual users,1,Lake Austin,221333847.0
engage innovative markets,0,Ortizmouth,715591290.48
unleash visionary users,1,Michaelville,223873895.84
target bricks-and-clicks metri,2,East Philipside,504385915.72
utilize front-end technologies,1,Garrettbury,534438563.72
deliver plug-and-play action-i,2,Judytown,109586830.53
synergize back-end models,1,Johnsonland,541341379.39
deliver open-source e-business,1,Garytown,604734413.51
drive 24/7 experiences,0,East Jeff,854898804.2
seize cross-platform eyeballs,0,Meganstad,301991570.15
incubate revolutionary synergi,1,Port Tracyfurt,969802365.56
innovate holistic paradigms,2,Coreyhaven,791510862.82
deliver one-to-one solutions,1,West Douglas,166609655.98
target proactive networks,0,South Joseview,787296448.62
optimize dot-com functionaliti,3,Hughesfurt,776030984.1
grow viral bandwidth,0,Gordonchester,928345672.22
empower interactive infrastruc,0,North James,532333245.13
transition world-class web-rea,0,Michellebury,513453078.63
brand value-added vortals,0,Port Christopherburg,51586642.31
synergize back-end interfaces,1,Nashfurt,709636676.2
leverage frictionless interfac,0,Smithview,455141854.65
engineer dot-com info-mediarie,1,North Michael,211526239.43
reinvent holistic niches,2,Jonesside,869800402.1
enhance proactive e-business,2,Josephstad,246609299.51
iterate cutting-edge supply-ch,0,New Travis,237440308.71
integrate extensible eyeballs,2,Williamsstad,897022532.49
utilize distributed ROI,2,Lake Matthew,112710592.23
target extensible applications,2,Brettbury,599205366.3
enable seamless eyeballs,0,Benjaminberg,390120602.22
exploit web-enabled bandwidth,0,Robertmouth,448621595.23
cultivate granular e-tailers,1,Lake Angela,803060964.5
maximize distributed web-readi,0,Leslieville,112950540.9
target granular web-readiness,0,Johntown,396739396.49
disintermediate compelling web,2,Lake Robin,89943053.43
synthesize magnetic web-readin,1,New Alexandrahaven,629837026.72
cultivate synergistic infrastr,0,Gibsonport,108936016.8
grow 24/7 channels,0,West Randall,747777978.85
synergize next-generation comm,1,Websterbury,828400839.13
deliver intuitive synergies,2,Port Thomasland,34515743.47
streamline value-added e-marke,0,South Douglas,929931837.59
grow rich communities,0,Lake Zacharyfurt,466163026.72
repurpose enterprise supply-ch,1,Spencerside,333378217.17
maximize real-time convergence,0,South Robertfurt,573438766.82
maximize B2B content,1,Port Cristinaton,859354962.54
revolutionize collaborative in,1,Adamsland,478236739.64
benchmark scalable networks,0,Jameston,231876178.03
synergize compelling technolog,2,Cookborough,28493180.39
deliver clicks-and-mortar cont,0,Whitakerberg,457502296.14
re-contextualize next-generati,2,Christophershire,573437856.9
