470,Kelsey,Chavez,56
853,Stephanie,Mckenzie,29
236,Jim,Obrien,48
97,Robert,Brown,46
993,Dana,Howard,8
869,Sabrina,Martin,80
265,Miss,Renee,43
137,Miss,Karen,42
328,Jeanette,Montgomery,28
42,Patrick,Alvarado,22
249,Kathryn,Pratt,69
797,Bryan,Smith,72
60,Taylor,Hernandez,46
423,Tyler,Browning,75
479,Peter,Ellison,69
839,Kimberly,Garcia,52
92,Raymond,Gutierrez,65
478,Adam,Turner,12
452,Bruce,Wilson,63
391,Vincent,Allen,64
560,Lisa,Nichols,11
187,Catherine,Merritt,28
714,Cindy,Morse,3
370,Marissa,Howard,38
675,Margaret,Fisher,31
571,Carrie,Wells,14
27,Crystal,King,46
803,David,Taylor,37
962,Jack,Webb,60
175,Diana,Watts,65
256,Eric,Raymond,21
831,Jodi,Perez,43
660,Amanda,Villarreal,15
741,Susan,Trevino,58
607,Dakota,Gould,33
969,Garrett,Stone,45
60,Amy,Sharp,4
651,Veronica,Zamora,10
486,Donna,Pena,50
100,Meghan,Davis,46
517,Jacqueline,Bates,4
558,Victoria,Calderon,6
398,Christine,Allen,8
813,Jennifer,Foster,3
181,Heather,Clark,72
922,Sheila,Keith,3
862,Keith,York,58
275,Kelly,Kerr,8
276,Chelsea,Hoffman,33
783,Amanda,Oliver,24
625,Meghan,White,17
82,Sheila,Payne,6
749,Derek,Stewart,61
691,Ariel,Leonard,3
22,Brian,Carlson,30
228,Bradley,Rice,12
428,Michael,Hoffman,75
179,Kevin,Choi,24
2,Peter,Ashley,44
354,Pamela,Fisher,20
220,Erin,Velazquez,58
32,Kirk,Coleman,38
841,Jonathan,Newton,41
670,Daniel,Ramos,61
534,Natalie,Hoffman,73
712,Rachel,Foster,42
937,Kristina,Huff,18
982,Mariah,Ortiz,60
914,Sarah,Williams,15
940,Jason,Jimenez,48
122,Anthony,Pena,33
788,William,Smith,48
128,Cameron,Harper,18
543,Jeff,Horton,46
139,Jonathan,Price,57
50,Matthew,Cunningham,47
325,Miguel,White,23
200,Michael,Erickson,73
45,Rachel,Williams,21
486,Mr.,Michael,21
947,Tami,Shea,31
976,Nathaniel,Sanford,11
937,Shawn,Cervantes,17
725,Maria,Roberts,44
870,Courtney,Hopkins,50
470,Christopher,Wheeler,15
616,Monica,Bernard,40
15,Cindy,Graham,48
162,Amy,Hensley,8
762,Amanda,Miller,39
164,Theodore,Williams,43
275,Veronica,Taylor,50
527,Robert,Collins,31
865,Mario,Lewis,14
765,William,Jacobs,53
619,Melanie,Mueller,31
108,Aaron,Kaiser,35
874,Edward,Lane,32
271,Jeanne,Luna,61
958,Bryan,Mathews,10
287,David,Bonilla,43
149,Michael,Macias,24
752,Destiny,Bauer,23
25,Lindsay,Thompson,56
121,Sandra,Dennis,6
238,Derrick,Howell,58
733,Roberto,Humphrey,63
590,Tracey,Mcclure,61
995,Sierra,Hines,41
452,Christopher,Rice,79
934,Scott,Lewis,20
171,Derrick,Osborne,73
673,Michael,Allen,2
948,Logan,Jackson,51
200,Elizabeth,Weeks,35
60,Virginia,Hensley,11
563,Dr.,Randall,22
337,Derek,Decker,22
137,Jacqueline,Thompson,46
891,Christine,Patton,54
110,Megan,Davis,57
457,Gail,Ray,60
28,Jennifer,Cline,20
296,Molly,Cervantes,22
68,Victor,Johnson,4
560,Cheryl,Murray,73
116,Gabrielle,Combs,69
318,Matthew,Campbell,26
790,Cameron,Meyer,4
563,Courtney,Cohen,5
349,Gary,Colon,50
194,Adam,Knight,7
721,Alfred,Hill,43
942,Christopher,Ferrell,71
320,Christopher,Bennett,44
110,Jennifer,Ruiz,47
375,Joseph,Massey,59
125,Jennifer,Fields,55
264,Max,Navarro,71
282,Michael,Beltran,25
13,Alexis,Miller,78
935,Adam,Reed,54
848,Lynn,Dudley,72
703,Christopher,Thompson,49
620,Beth,Hartman,27
883,Julie,Gonzalez,31
204,Matthew,Taylor,45
787,Shawn,Webb,71
328,Andrew,Davis,10
930,Luke,Smith,78
653,Adam,Edwards,75
390,Marvin,Woods,49
303,Mark,Smith,37
885,Katherine,Fisher,48
20,Susan,Morgan,42
317,Angel,Guzman,74
321,Kyle,Ross,25
410,Adam,Martin,5
630,Dr.,Ashley,59
711,Courtney,Nelson,61
526,Teresa,Johnson,14
488,Darrell,Gibbs,27
635,Audrey,Woods,36
360,Jon,Richardson,79
269,Jennifer,Richard,38
183,Gregory,Walker,57
870,Daniel,Schmitt,80
853,Craig,Velasquez,14
864,Tyler,Garcia,32
263,Ryan,Potts,56
146,Bianca,Turner,3
402,Donald,Gamble,42
437,Walter,Hughes,38
716,Andrea,Mclean,9
190,Matthew,Cook,64
969,John,Phillips,37
937,Adam,Vaughan,16
530,Julie,Fleming,64
788,Brett,Becker,1
921,Beth,Edwards,41
600,Gabriel,Delacruz,0
735,Vickie,Pierce,74
404,Jason,Salazar,8
102,Joseph,Walsh,7
890,Nicole,Lowe,61
629,Amanda,King,67
895,Elizabeth,Garcia,47
126,Eric,Campbell,17
884,Catherine,Whitehead,63
427,Sheryl,Velasquez,72
174,Lisa,Willis,62
271,Alan,Carter,75
602,Martin,Garcia,26
351,Lisa,Smith,33
336,Dr.,Lori,69
479,Jack,Mccullough,50
990,Brianna,Smith,5
685,Steven,Bates,44
416,John,Rodriguez,77
228,Pamela,Roberts,4
184,Edward,Yu,79
341,Troy,Hood,43
263,Samantha,White,63
299,Jorge,Galvan,54
450,Maria,Gentry,34
35,Andrew,White,57
762,Colleen,West,20
442,Rebecca,Espinoza,35
624,Joshua,Hicks,7
70,Erin,Miller,59
142,Kimberly,Hudson,62
974,Taylor,Jackson,11
270,Juan,Glover,44
126,Holly,Villanueva,45
34,Edward,Johnson,28
174,Charles,Nguyen,59
652,Joe,Shaffer,27
942,Susan,Woodard,69
569,Glen,Anderson,65
784,Gina,Ward,38
418,Ashley,Pacheco,73
673,John,Thomas,47
188,Emily,Johnson,31
914,Kathryn,Hardy,25
505,Jennifer,Brock,20
734,Melvin,Hill,25
977,Nicholas,Fowler,66
109,Billy,Carter,74
317,James,Patterson,47
370,Jon,Stone,7
338,Katherine,Contreras,77
652,Anna,White,1
512,Justin,Sullivan,51
627,Judy,Cooper,25
283,Kevin,Hill,55
165,Zachary,Dennis,33
277,Justin,Adams,42
957,Krystal,Francis,24
416,Joseph,Owens,20
754,Eric,Moore,34
716,Edward,Hernandez,25
839,Valerie,Lewis,13
187,Mrs.,Lindsay,34
506,Margaret,Reid,64
386,Sophia,Blackburn,21
798,Jonathan,Meyers,66
614,Christina,Wood,27
38,Jo,Harris,73
659,Jill,Anderson,12
486,Jacob,Yoder,9
237,Barry,Duncan,54
83,Helen,Villa,62
694,Christopher,Robinson,42
190,Christina,Glover,67
145,James,Haynes,4
203,Jerome,Campbell,25
109,Tamara,Rodriguez,55
905,Jeffrey,Russell,6
340,Pamela,Jones,80
653,Miss,Regina,37
387,Heather,Carson,53
616,Eric,Weiss,65
939,Javier,Quinn,6
28,Ashley,Durham,34
953,Andrew,Rodriguez,30
481,Gordon,Nguyen,63
961,Lee,Garcia,74
799,William,Jensen,55
192,Donna,White,19
451,Lauren,Bailey,5
127,Phillip,Vazquez,0
215,Christina,Boyd,0
659,Gary,Jones,9
388,Calvin,Gordon,33
904,Lisa,Graham,67
792,Matthew,Campbell,24
515,Laura,Henson,79
966,Amy,Floyd,23
164,Joy,Stevens,37
916,Kevin,White,54
837,David,Dyer,69
933,Susan,Anderson,13
170,Eric,Wood,63
778,Rachel,Miller,29
725,Christian,Gregory,34
891,Hannah,Norton,80
805,Melissa,Clarke,66
876,Jennifer,Bishop,42
780,Richard,Mayer,80
351,Dr.,Donna,14
562,James,Gillespie,63
993,Benjamin,Perez,79
55,Laura,Nelson,5
683,Tanner,Carr,5
211,Thomas,Johnson,5
488,Angela,Jones,67
942,Sandra,Mckenzie,55
624,Brandon,Evans,48
215,Rachel,Clark,61
316,Autumn,Tate,34
844,Jacqueline,Fisher,52
148,Bonnie,Rocha,59
487,Mr.,Nicholas,65
896,Christopher,Castillo,42
633,Christina,Pollard,32
206,William,Phelps,43
314,John,Schultz,75
193,Kevin,Huynh,8
183,Patrick,Estrada,18
784,Kimberly,Hernandez,75
551,Angela,Clark,77
546,Benjamin,Thompson,78
73,Samantha,Murray,12
40,Scott,Tucker,1
745,James,York,51
302,Wanda,Miller,52
154,Megan,Delgado,16
650,Heidi,Knight,57
316,Tina,Cunningham,66
829,Bradley,Hernandez,73
602,Timothy,Spencer,14
950,Joshua,Wilson,16
145,Manuel,Davis,3
638,Anna,Harrell,10
542,Clifford,Rivera,80
209,Teresa,Lowery,18
339,Grant,Rosales,64
478,Julie,Fletcher,56
410,Madison,Kemp,23
691,Terry,Harris,46
522,Mark,Cowan,41
548,Justin,Smith,47
478,Douglas,Brown,55
959,Sean,Miller,67
933,Amber,Williams,20
240,Bryce,Barrett,64
360,Angela,Garcia,41
166,Vincent,Mendoza,60
130,Benjamin,May,30
168,Teresa,Pittman,69
559,Jerry,Simmons,68
553,Sonya,Bass,1
548,Brittney,Carey,46
150,Scott,Williams,25
192,Maria,Johnson,20
896,Darin,Smith,24
945,Laurie,Berger,48
332,Michelle,Aguilar,15
47,Richard,Nelson,24
48,Melissa,West,54
325,Janet,Robbins,4
54,Christine,Boyd,54
99,Perry,Brown,3
227,Mrs.,Alexandra,75
332,Jacqueline,Bullock,35
870,Travis,Jennings,24
206,Vanessa,Trujillo,62
236,Calvin,Mcdowell,0
314,Beverly,Christian,19
646,Kevin,Reed,65
445,Kayla,Short,52
634,Joseph,Mckee,29
174,Kelly,Love,36
851,Anthony,Miller,72
178,Garrett,Jackson,64
631,Angela,Barber,36
949,James,Winters,60
275,Vicki,Hanson,19
266,Emma,Lyons,50
694,Joy,Harris,36
248,Mark,Johnson,16
163,Jacqueline,Knight,14
651,Clinton,Taylor,45
857,Robert,Scott,66
482,Gregory,Garcia,48
562,Amy,Guerrero,12
80,Marie,Williams,35
100,Mackenzie,Lopez,80
859,Alexander,Bryant,70
475,John,Harris,70
995,Richard,Chambers,72
780,Jill,Duffy,17
890,Wanda,Brady,1
698,Dana,Sanford,39
320,Susan,Summers,67
169,Ashley,Thompson,55
358,Jeffrey,Wilson,40
868,Dawn,Myers,31
842,Kayla,Hanna,80
499,David,Cox,74
345,Denise,Taylor,24
14,Kimberly,Pitts,14
605,Cynthia,Crawford,32
261,Zachary,Park,26
545,Jeremy,Salazar,24
343,Christopher,Moore,17
952,Glenn,Anderson,13
713,Anthony,May,62
718,April,Hubbard,37
350,Michael,Castillo,64
118,Christopher,Salazar,57
873,Mallory,Frey,1
493,Melissa,Zimmerman,41
885,Michael,Garrett,47
27,Wendy,Yates,77
218,Lauren,Montgomery,49
455,Michael,Rogers,60
594,Alexander,Clark,66
97,Brenda,Davies,55
51,Jennifer,Shields,22
531,Stacey,Williams,13
190,Jessica,Cobb,64
557,Robert,Mcneil,36
594,Amanda,Barry,55
619,Sandra,Campbell,15
966,Helen,Ramos,46
546,Karen,Hayes,19
933,Michael,Lewis,69
667,Nancy,Walter,73
867,John,Martinez,15
603,Joseph,Garcia,59
430,Brittany,Bradley,49
425,Tina,Williams,66
248,Bryan,Harris,29
722,Catherine,Martinez,64
919,James,Sanchez,35
614,Troy,Thomas,30
610,Dr.,Erik,27
110,Michael,Chaney,18
226,Susan,Wade,59
729,Andrew,Thompson,42
854,Whitney,Reed,6
45,Nathan,Mills,76
466,Steven,Nicholson,25
341,Sara,Marshall,52
156,Jeffery,Alvarado,80
328,Matthew,Sawyer,69
172,Brandon,Davis,34
862,Noah,Tucker,30
855,Sheila,Monroe,14
423,Melissa,Martinez,17
802,Sharon,Randall,60
648,Nathan,Murphy,31
903,Teresa,Shaw,54
827,Kathy,Wallace,78
264,Casey,Foster,16
842,Jimmy,Brown,27
140,Joseph,Wilkins,20
230,Tami,Velasquez,40
201,Rachel,Stanley,38
601,Richard,Evans,48
899,Beth,Barnes,22
232,Nicole,Avery,61
166,Jimmy,Howard,35
235,Michael,Olsen,57
883,Terri,Smith,53
267,Gary,Roberts,45
45,Emily,Nolan,72
90,Sonya,Hernandez,74
559,Daniel,Watts,31
766,Brittany,Williams,11
620,Scott,Hansen,63
836,Nicholas,Johnson,30
800,Christopher,Rhodes,79
979,Melinda,Phillips,51
425,Julia,Rivera,33
871,Andrew,Kelley,59
401,Kelly,Williams,64
586,Darrell,Rogers,34
226,Donna,Duncan,69
393,Eric,Evans,9
426,Darryl,Cooper,5
818,Jordan,Cooper,79
811,Alyssa,Nguyen,14
461,Devin,Joseph,56
974,Clayton,Diaz,64
122,Frederick,Mooney,40
565,Jennifer,Martinez,76
722,Adam,Cisneros,76
157,Matthew,Harrison,73
219,Lauren,Wright,15
352,Michael,Adams,76
419,Travis,Sharp,41
826,Frederick,Campbell,19
418,Joseph,Benson,35
590,Phillip,Hughes,49
44,Tammy,Pace,4
502,Adam,Ortiz,42
279,Eddie,Buck,59
745,Jill,Herrera,40
315,Allison,Burns,65
938,Philip,Smith,33
926,Katie,Sims,17
23,Nathaniel,Hernandez,63
539,Justin,Johnson,68
999,Dean,Herman,72
326,William,Smith,37
735,Frederick,Chaney,43
705,Alexis,Mclean,21
273,Tracy,Rose,29
541,Kevin,Hall,4
548,Brenda,Fisher,21
889,Nicole,Mason,51
390,Sara,Espinoza,29
1,Dylan,Marshall,42
92,Patricia,Lewis,39
99,Heather,Mack,70
410,Micheal,Shaw,17
455,Rebecca,Tucker,72
166,John,Garcia,41
939,Shelby,Smith,37
767,Kathy,Anderson,54
764,Joseph,Smith,79
533,Paul,Woods,1
789,Kevin,Peck,78
697,Lori,Garza,64
366,Scott,Perry,77
285,Melissa,Frank,23
999,Kelly,Carr,68
988,Monique,Bell,10
545,Jennifer,Callahan,32
771,Madison,Hamilton,77
244,Susan,Christensen,5
495,Gary,Cooper,19
605,Stephanie,Campbell,32
730,Jennifer,Lynn,39
473,Jessica,Brown,77
152,Dominique,Ryan,73
316,Michael,Mcdowell,35
975,Tyler,Brown,10
582,Mrs.,Lindsey,19
818,Amanda,Sanders,42
960,Robert,Reed,33
861,Thomas,Trujillo,51
748,Michael,Simmons,32
524,Yvonne,Matthews,52
393,Andrew,Gonzales,74
961,Haley,Murphy,37
890,Daniel,Osborn,75
950,Scott,Simpson,79
911,Regina,Flores,8
103,Ann,Anderson,21
640,Kenneth,Wilson,72
704,Justin,Murray,71
639,Anthony,Snyder,69
307,Norma,Phillips,76
196,Nicole,Kramer,61
571,Jennifer,Kim,28
408,Pamela,Ward,30
292,Michael,Fitzgerald,43
350,Theresa,Franklin,18
914,Carolyn,Farley,78
422,Elizabeth,Moon,56
725,Vanessa,Mack,59
629,Lori,Jones,46
592,Jennifer,Dickerson,14
580,Darlene,Knight,34
903,Julie,White,26
494,Molly,Clay,58
665,Erika,Horn,65
881,Sean,Burgess,68
643,Earl,Preston,43
707,Kristen,Ayers,51
291,Matthew,Stephens,29
46,Philip,Anderson,14
729,James,Wilson,15
62,Jessica,English,3
988,Ashley,Williams,59
432,Timothy,Ayers,54
4,Erica,Burns,52
254,Jason,Tran,29
750,Cassidy,Wilson,12
148,Jeffery,Mcpherson,17
591,Samuel,Scott,66
557,Kevin,Webb,9
911,Lisa,Joyce,31
373,George,Hall,34
567,Lisa,Perkins,2
171,Patricia,Campbell,65
1,Harry,Johnson,23
119,Eric,Reeves,75
41,Dustin,Williams,71
557,Emily,Smith,63
286,Shawn,Moore,52
846,Michelle,Salazar,68
713,Jeffrey,Dunn,70
393,Victoria,Abbott,61
641,Andrea,Benjamin,60
335,Angela,Orr,30
890,Lindsey,Christensen,6
479,Timothy,Caldwell,11
727,William,Bullock,36
325,Nathan,Osborne,50
69,Chelsea,Anderson,26
199,Elizabeth,Clayton,26
842,Shawn,Soto,5
416,Stephanie,Cooper,32
507,Megan,Jackson,61
814,Stephanie,Yang,48
487,Christopher,Roman,31
389,Shannon,Johnson,24
759,Frank,Gibson,61
351,James,Reed,70
986,Ashley,Lin,26
866,Vicki,Williams,54
781,Christopher,Curtis,5
276,Brian,Freeman,47
121,Carolyn,Wang,78
218,Michelle,Barnett,32
281,James,Harris,4
464,Brandon,Brennan,57
58,Veronica,Martinez,29
691,Willie,Henderson,61
177,Miss,Patricia,49
191,Michael,Decker,16
256,Mary,Peterson,13
298,Rhonda,Jackson,78
279,Malik,Carter,20
286,Carolyn,Lyons,54
764,Kevin,Anderson,0
871,Christy,Jensen,16
282,Susan,Walker,29
775,Jennifer,Smith,6
160,Jonathan,Norris,25
397,Laura,Vang,4
696,Robert,Williams,45
593,Melissa,Cruz,59
846,Tiffany,Williamson,42
888,Damon,Simon,46
871,Keith,Rodriguez,61
737,Dylan,Steele,53
218,Christopher,Thompson,62
563,Savannah,Peters,16
176,Raymond,Parker,15
909,Ryan,Mendoza,3
687,Victoria,Dyer,75
760,David,Evans,10
500,Amber,Crawford,31
943,Charles,Campbell,44
356,Erika,Whitaker,60
959,Larry,Thomas,42
555,Jennifer,Beard,15
688,Natasha,Salazar,56
342,Amanda,Mejia,39
576,James,Cervantes,57
491,Daniel,Jackson,35
332,Jeffrey,Frazier,40
267,Michael,Williams,51
866,Michael,Lucas,45
773,Maurice,Adams,38
698,Joanne,Garcia,4
696,Dawn,Zimmerman,43
507,Ashley,Glover,2
901,Gina,Mcclain,75
603,Shawn,Parker,5
152,Cameron,Simpson,54
921,Tyler,Stanley,59
885,Sheila,Jackson,20
655,Adam,Simmons,23
125,Barbara,Martin,45
236,Christopher,Foster,42
144,Dr.,Matthew,34
589,Rebecca,Freeman,68
523,Robert,Zhang,44
18,Kayla,Evans,19
799,Michael,Cox,52
241,Holly,Smith,73
260,Manuel,Keith,16
276,James,Jensen,3
788,Rachel,Juarez,74
343,Robert,Neal,3
668,Arthur,Nguyen,17
596,Noah,Quinn,47
68,Mr.,Brandon,60
730,Michael,Sanford,15
129,David,Best,75
762,Douglas,Reed,5
708,Linda,Oneill,28
417,John,Bryan,59
73,Ryan,Brown,20
233,David,Curry,43
538,Kenneth,Phillips,72
754,Jennifer,Norman,27
599,Antonio,Diaz,49
764,Ashley,Stone,75
374,John,Dawson,78
36,Bobby,Rivera,30
512,Larry,Shaw,62
35,Megan,Rogers,46
954,Christine,Rice,73
598,Kaylee,Avery,72
354,Derek,Campbell,67
105,Hailey,Washington,65
831,Mary,Martinez,33
828,Jessica,Lindsey,57
221,Rachel,Mann,77
374,Cynthia,Miller,35
214,Philip,Bell,54
952,Matthew,Bryan,20
483,Courtney,Welch,60
938,Mark,Garza,39
29,Laura,May,27
688,Samantha,Henderson,10
660,Christina,Hanson,35
813,Ashley,Smith,3
642,Sherri,Small,68
948,Ryan,Newman,7
358,Pamela,Santiago,52
338,Mark,Medina,39
605,Mary,Hernandez,52
142,Michelle,Wagner,9
283,Dennis,Williams,65
201,Luis,Little,42
919,Diane,Carr,4
172,Anne,Dennis,0
466,Douglas,Martinez,76
933,Robert,Hebert,70
687,Rebecca,Trujillo,15
13,Bill,Holland,64
523,Alexandria,Murphy,59
374,Katrina,Terrell,10
833,Angel,Hunter,74
595,Leah,Mcdonald,70
206,Timothy,Hartman,0
793,Charlotte,Brooks,12
501,Jonathan,Miller,33
109,Kyle,Barker,77
785,Victoria,Pratt,28
516,Mary,Decker,45
989,Melissa,Martinez,29
217,John,Moyer,5
276,Rhonda,Wright,33
322,Brian,Mcgee,80
57,Jason,Pugh,2
598,Holly,Wallace,0
924,Sarah,Ellison,20
189,Taylor,Mclaughlin,51
893,Linda,York,66
192,Jenny,Figueroa,37
212,Tiffany,Gibbs,63
117,Mrs.,Jenny,16
575,Chad,Smith,67
58,Danielle,Brady,61
671,Elizabeth,Stone,48
129,Raymond,French,78
658,Evan,Chambers,61
851,Jenna,Richards,63
952,Patricia,Beasley,33
453,Shelly,Pena,36
480,Abigail,Roberts,46
978,Jason,Blackwell,29
732,Michelle,Norton,30
243,Mark,Reid,16
663,Megan,Dean,36
942,Kristen,Carroll,66
520,Katie,Jenkins,74
115,Blake,Hill,77
670,Nicole,Waller,47
659,Janice,Blake,24
710,Robert,Castillo,10
23,Paul,Small,69
492,Patrick,Riley,33
245,Paula,Fisher,14
143,Deborah,Tanner,37
895,Jennifer,Thompson,1
581,Robert,Butler,79
281,Wendy,Mayo,43
999,Melissa,Gallagher,18
619,Kendra,Garcia,56
821,Jessica,Combs,55
146,Alejandro,Burke,39
265,Dawn,Flores,20
741,Erin,Martinez,73
973,Jeremy,Mccarthy,30
104,Anthony,Holmes,56
92,Allison,Adams,69
97,Joshua,Dorsey,26
741,Evan,White,63
184,Daniel,Cameron,73
256,Molly,Poole,55
52,Sharon,Owens,56
914,Carlos,Wood,39
319,Sandra,Harmon,78
218,Roger,Diaz,37
70,Jake,Carlson,26
546,Paul,Holder,17
73,Rodney,Jones,79
975,Cheryl,Stevens,7
313,Lisa,Huber,14
629,Ryan,Johnson,19
88,Randall,Grant,48
66,Patricia,Macdonald,21
189,Lori,Johnson,37
408,Jonathan,Lynch,47
945,Melissa,Vasquez,75
533,Cindy,Ramirez,67
851,Eric,Baker,27
478,Steve,Burnett,10
26,Christian,Cardenas,69
887,Richard,Allen,67
480,Angelica,Murphy,69
51,Jared,Buchanan,78
494,Linda,York,6
488,Steven,Richardson,41
196,Sandra,York,75
490,Keith,Williams,31
410,Mary,Holmes,72
713,Stephen,Moran,16
365,Laura,Wallace,16
780,Michelle,Goodman,58
772,Kyle,Griffith,3
872,Zachary,Gonzales,62
363,Stacy,Carson,36
185,Morgan,Myers,65
715,Jessica,Miller,24
327,Andrew,Richardson,43
268,Meghan,Lewis,9
415,Kimberly,York,17
403,Randall,Fitzgerald,77
319,Savannah,Wilson,24
76,Michael,Wood,50
688,Amber,Bryant,26
242,Gail,Williams,14
446,Linda,Francis,35
498,Jacob,Wells,48
840,Joseph,Kennedy,60
405,Helen,Rogers,74
401,Robert,Hawkins,10
379,Virginia,Chan,49
417,Karen,Greene,75
95,Pamela,Miller,50
37,Michael,Lawrence,62
366,Kathleen,Miller,8
90,Robert,Edwards,79
901,Ian,Rogers,51
135,Alexander,Johnston,50
522,Chris,King,40
827,Richard,Scott,58
35,Chad,Pineda,31
388,Crystal,Smith,39
473,Craig,Evans,69
267,Amber,Mills,16
533,James,Freeman,33
364,Melissa,Mason,15
352,Robert,Perry,28
603,Tina,Johnson,58
964,Sarah,Johnson,49
805,Gabriela,Powell,66
740,Michelle,Young,33
908,Cassandra,Little,55
489,Martha,Flowers,80
925,Amy,Campbell,42
925,Arthur,Mitchell,10
458,Danielle,Brown,36
925,Hannah,Lewis,70
869,Jonathan,Ho,22
115,Amanda,Brown,11
446,Kimberly,Castro,65
990,Tiffany,Black,58
423,Kayla,Williams,52
805,Sandra,Rivera,5
867,Francisco,Fitzpatrick,41
401,Laura,Vasquez,22
203,Christine,Smith,15
589,Andrew,Murphy,30
828,Kristen,Meyer,13
990,Philip,Montes,73
870,Joseph,Myers,53
131,Travis,Harrison,60
31,Michele,Smith,77
255,Wesley,Costa,35
315,Christy,Thomas,55
656,Gregory,Larsen,55
882,William,Briggs,44
338,Jeremy,Watts,42
60,Christopher,Santana,72
704,Dr.,Marie,11
784,Lauren,Carter,64
83,Shannon,Nelson,5
2,Austin,Weber,3
184,Erica,Calderon,0
269,Victoria,Jenkins,60
907,Fred,Christensen,6
573,William,Bond,66
172,Chad,Scott,52
136,Edward,Pearson,80
726,Brian,Ramsey,60
597,Randall,Perez,17
127,Alicia,Crane,39
416,Marcus,Young,3
478,John,Brown,48
7,Colleen,Hernandez,12
592,Ashley,Mccarthy,31
707,Sydney,Ward,74
551,James,Romero,7
372,Nina,Johnson,43
684,Amy,Newman,15
808,David,Robertson,69
500,Joseph,Reed,10
180,Debra,Payne,67
50,Erica,Summers,51
42,Christine,Wong,73
667,Steven,Andrews,42
976,Tina,Pierce,4
16,Gabrielle,Pearson,18
611,David,Brown,60
424,Ashley,Johnson,61
519,Charles,Matthews,26
116,Melissa,Miranda,53
567,Michael,Ruiz,12
675,Michael,Williams,67
994,Mary,Hahn,12
599,Alisha,Pittman,2
72,Teresa,Brown,47
710,Todd,Armstrong,39
203,Katherine,Tucker,17
954,Patricia,Smith,38
210,Marc,Rodriguez,22
154,Sheri,Conner,69
672,James,Arnold,50
122,Hannah,Thompson,33
741,Sabrina,Baker,49
973,Kelly,Bernard,0
577,Tracy,Williams,52
630,Grace,Powers,18
993,Travis,Villa,75
370,Walter,Byrd,24
176,Ashley,Casey,11
860,Michelle,Gardner,30
650,Amy,Lawrence,52
744,Wesley,Villarreal,37
975,Joseph,Neal,14
794,Miranda,Gibson,41
918,Bethany,Schmitt,13
254,Eileen,Morgan,29
792,Diane,Vincent,16
694,Kyle,Powell,19
150,Jenna,White,63
927,Julie,Smith,35
376,Paul,Harris,66
165,Mitchell,Walters,71
440,Tammy,Bailey,70
801,Steven,Barron,15
719,Alicia,Austin,10
446,Karen,Robinson,28
342,Carol,Kelly,41
493,Christine,Garrett,34
127,Kimberly,Johnson,45
399,Tiffany,Gross,60
476,Mark,Lawson,52
894,Jimmy,Thompson,16
829,Paul,Lewis,25
928,John,Thomas,65
149,John,Cooper,48
647,Jacob,Macdonald,60
268,Eddie,Stephenson,77
777,James,Andrews,36
753,Stanley,Brown,63
657,Gina,Miller,34
34,Tina,Cohen,24
716,Alex,Stafford,29
288,Deborah,Patterson,39
723,Kristin,Ross,34
722,Sara,Mora,14
577,Sara,Kramer,3
130,Elizabeth,Combs,72
111,James,Myers,79
115,Miguel,Evans,6
478,Paul,Bowen,56
836,Erin,Johnson,14
775,Sherry,Brown,4
267,Veronica,Garcia,73
557,Kathryn,Lynch,4
247,Crystal,Oneal,28
134,Steven,Vaughn,5
761,Michael,Davis,41
201,Jonathan,Love,54
510,Anna,Reed,28
732,Matthew,Moore,79
235,Bruce,Lewis,64
698,Mitchell,Carney,41
540,Amber,Ramos,22
301,Maria,Miller,69
271,Elizabeth,Navarro,47
317,Matthew,Martinez,33
291,Brandon,Sutton,50
476,Christine,Levine,29
658,Brittany,Davis,10
332,Elizabeth,Hamilton,59
5,Raymond,Smith,44
22,Jeffery,Hill,66
700,Laurie,Robinson,18
303,Joseph,Moore,7
903,Nicholas,Moran,77
222,Sean,Perez,75
498,Austin,Morrison,76
809,Amanda,Powell,64
66,Michael,Ray,20
472,Tiffany,Olson,63
670,Luis,Parsons,20
